{
  "n": 200,
  "per_category": {
    "temporal": {
      "n": 38,
      "zero_hit": 1,
      "gold_in_top10": 6,
      "gold_in_top40": 11,
      "pct_gold_in_top10": 0.15789473684210525,
      "pct_gold_in_top40": 0.2894736842105263,
      "first_rank_median": 219,
      "first_rank_p75": 294.0,
      "first_rank_mean": 188.16216216216216,
      "rank_histogram": {
        "2-3": 3,
        "4-5": 1,
        "6-10": 2,
        "11-20": 2,
        "21-40": 3,
        "41-100": 2,
        "100+": 24,
        "never": 1
      },
      "mean_gold_frac_top10": 0.026315789473684213,
      "mean_gold_frac_top40": 0.015789473684210527,
      "temporal_session_date_in_top40": 38
    },
    "open-domain": {
      "n": 13,
      "zero_hit": 3,
      "gold_in_top10": 0,
      "gold_in_top40": 3,
      "pct_gold_in_top10": 0.0,
      "pct_gold_in_top40": 0.23076923076923078,
      "first_rank_median": 87.0,
      "first_rank_p75": 306.75,
      "first_rank_mean": 160.2,
      "rank_histogram": {
        "11-20": 3,
        "41-100": 2,
        "100+": 5,
        "never": 3
      },
      "mean_gold_frac_top10": 0.0,
      "mean_gold_frac_top40": 0.020454545454545454,
      "temporal_session_date_in_top40": null
    },
    "multi-hop": {
      "n": 32,
      "zero_hit": 1,
      "gold_in_top10": 2,
      "gold_in_top40": 12,
      "pct_gold_in_top10": 0.0625,
      "pct_gold_in_top40": 0.375,
      "first_rank_median": 65,
      "first_rank_p75": 153.0,
      "first_rank_mean": 123.93548387096774,
      "rank_histogram": {
        "6-10": 2,
        "11-20": 5,
        "21-40": 5,
        "41-100": 8,
        "100+": 11,
        "never": 1
      },
      "mean_gold_frac_top10": 0.00625,
      "mean_gold_frac_top40": 0.01640625,
      "temporal_session_date_in_top40": null
    },
    "single-hop": {
      "n": 70,
      "zero_hit": 2,
      "gold_in_top10": 20,
      "gold_in_top40": 49,
      "pct_gold_in_top10": 0.2857142857142857,
      "pct_gold_in_top40": 0.7,
      "first_rank_median": 15.5,
      "first_rank_p75": 49.75,
      "first_rank_mean": 47.294117647058826,
      "rank_histogram": {
        "1": 4,
        "2-3": 3,
        "4-5": 2,
        "6-10": 11,
        "11-20": 17,
        "21-40": 12,
        "41-100": 9,
        "100+": 10,
        "never": 2
      },
      "mean_gold_frac_top10": 0.037142857142857144,
      "mean_gold_frac_top40": 0.03678571428571429,
      "temporal_session_date_in_top40": null
    },
    "adversarial": {
      "n": 47,
      "zero_hit": 0,
      "gold_in_top10": 11,
      "gold_in_top40": 31,
      "pct_gold_in_top10": 0.23404255319148937,
      "pct_gold_in_top40": 0.6595744680851063,
      "first_rank_median": 27,
      "first_rank_p75": 62.0,
      "first_rank_mean": 49.638297872340424,
      "rank_histogram": {
        "1": 8,
        "4-5": 1,
        "6-10": 2,
        "11-20": 10,
        "21-40": 10,
        "41-100": 11,
        "100+": 5
      },
      "mean_gold_frac_top10": 0.03617021276595745,
      "mean_gold_frac_top40": 0.03776595744680851,
      "temporal_session_date_in_top40": null
    }
  },
  "rank_distribution_overall": {
    "1": 12,
    "2-3": 6,
    "4-5": 4,
    "6-10": 17,
    "11-20": 37,
    "21-40": 30,
    "41-100": 32,
    "100+": 55,
    "never": 7
  },
  "noise_floor": {
    "mean_gold_frac_top10": 0.02777777777777778,
    "mean_gold_frac_top40": 0.02878787878787879,
    "interpretation": "Fraction of the top-K that is gold. 1-this = noise fraction the answerer must filter."
  },
  "zero_hit_diagnosis": [
    {
      "idx": 30,
      "category": "open-domain",
      "q_signal": "default",
      "question": "Would Melanie be considered a member of the LGBTQ community?",
      "gold": [],
      "any_overlap_with_retrieved": false,
      "retrieved_dia_count": 281
    },
    {
      "idx": 37,
      "category": "multi-hop",
      "q_signal": "default",
      "question": "What did Melanie paint recently?",
      "gold": [
        "D8:6; D9:17"
      ],
      "any_overlap_with_retrieved": false,
      "retrieved_dia_count": 252
    },
    {
      "idx": 45,
      "category": "temporal",
      "q_signal": "temporal",
      "question": "When did Caroline attend a pride parade in August?",
      "gold": [
        "D11:4"
      ],
      "any_overlap_with_retrieved": false,
      "retrieved_dia_count": 205
    },
    {
      "idx": 46,
      "category": "open-domain",
      "q_signal": "default",
      "question": "Would Melanie be considered an ally to the transgender community?",
      "gold": [],
      "any_overlap_with_retrieved": false,
      "retrieved_dia_count": 267
    },
    {
      "idx": 50,
      "category": "open-domain",
      "q_signal": "default",
      "question": "What would Caroline's political leaning likely be?",
      "gold": [
        "D12:1"
      ],
      "any_overlap_with_retrieved": false,
      "retrieved_dia_count": 251
    },
    {
      "idx": 100,
      "category": "single-hop",
      "q_signal": "default",
      "question": "What kind of place does Caroline want to create for people?",
      "gold": [
        "D4:15"
      ],
      "any_overlap_with_retrieved": false,
      "retrieved_dia_count": 284
    },
    {
      "idx": 126,
      "category": "single-hop",
      "q_signal": "default",
      "question": "What activity did Caroline used to do with her dad?",
      "gold": [
        "D13:7"
      ],
      "any_overlap_with_retrieved": false,
      "retrieved_dia_count": 239
    }
  ],
  "temporal_session_date_visibility": {},
  "top_k_composition": {
    "role_distribution_top40": {
      "Melanie": 7465,
      "Gina": 24
    },
    "type_distribution_top40": {
      "observation": 511,
      "message": 417
    },
    "mean_unique_sessions_in_top40": 3.655,
    "median_unique_sessions_in_top40": 3.0
  }
}