{
  "run_ts": "20260417_053101",
  "dataset": "C:\\Users\\bhaba\\m3-memory\\data\\locomo\\locomo10.json",
  "n_questions": 200,
  "params": {
    "k": 40,
    "cluster_size": 5,
    "graph_depth": 1
  },
  "samples_touched": [
    "conv-26",
    "conv-30"
  ],
  "q_signal_distribution": {
    "temporal": 45,
    "default": 154,
    "multi-hop": 1
  },
  "overall": {
    "any_gold_hit_rate": 0.965,
    "mean_first_gold_rank": 93.03108808290155,
    "mean_r@1": 0.0575,
    "mean_r@3": 0.0875,
    "mean_r@5": 0.1075,
    "mean_r@10": 0.1875,
    "mean_r@20": 0.35666666666666663,
    "mean_r@40": 0.4970833333333334
  },
  "per_category": {
    "temporal": {
      "n": 38,
      "any_gold_hit_rate": 0.9736842105263158,
      "mean_first_gold_rank": 188.16216216216216,
      "mean_r@1": 0.0,
      "mean_r@3": 0.07894736842105263,
      "mean_r@5": 0.10526315789473684,
      "mean_r@10": 0.15789473684210525,
      "mean_r@20": 0.21052631578947367,
      "mean_r@40": 0.2894736842105263
    },
    "open-domain": {
      "n": 13,
      "any_gold_hit_rate": 0.7692307692307693,
      "mean_first_gold_rank": 160.2,
      "mean_r@1": 0.0,
      "mean_r@3": 0.0,
      "mean_r@5": 0.0,
      "mean_r@10": 0.0,
      "mean_r@20": 0.19230769230769232,
      "mean_r@40": 0.19230769230769232
    },
    "multi-hop": {
      "n": 32,
      "any_gold_hit_rate": 0.96875,
      "mean_first_gold_rank": 123.93548387096774,
      "mean_r@1": 0.0,
      "mean_r@3": 0.0,
      "mean_r@5": 0.0,
      "mean_r@10": 0.03125,
      "mean_r@20": 0.10416666666666666,
      "mean_r@40": 0.18489583333333334
    },
    "single-hop": {
      "n": 70,
      "any_gold_hit_rate": 0.9714285714285714,
      "mean_first_gold_rank": 47.294117647058826,
      "mean_r@1": 0.05,
      "mean_r@3": 0.09285714285714286,
      "mean_r@5": 0.12142857142857143,
      "mean_r@10": 0.2857142857142857,
      "mean_r@20": 0.5285714285714286,
      "mean_r@40": 0.7
    },
    "adversarial": {
      "n": 47,
      "any_gold_hit_rate": 1.0,
      "mean_first_gold_rank": 49.638297872340424,
      "mean_r@1": 0.1702127659574468,
      "mean_r@3": 0.1702127659574468,
      "mean_r@5": 0.19148936170212766,
      "mean_r@10": 0.22340425531914893,
      "mean_r@20": 0.43617021276595747,
      "mean_r@40": 0.6595744680851063
    }
  },
  "zero_hit_count": 7
}