{
  "run_ts": "20260417_111047",
  "dataset": "C:\\Users\\bhaba\\m3-memory\\data\\locomo\\locomo10.json",
  "n_questions": 200,
  "params": {
    "k": 40,
    "cluster_size": 5,
    "graph_depth": 1
  },
  "samples_touched": [
    "conv-26",
    "conv-30"
  ],
  "q_signal_distribution": {
    "temporal": 45,
    "open-domain": 14,
    "default": 109,
    "multi-hop": 32
  },
  "overall": {
    "any_gold_hit_rate": 0.975,
    "mean_first_gold_rank": 108.9948717948718,
    "mean_r@1": 0.0575,
    "mean_r@3": 0.0975,
    "mean_r@5": 0.1125,
    "mean_r@10": 0.1825,
    "mean_r@20": 0.275,
    "mean_r@40": 0.355
  },
  "per_category": {
    "temporal": {
      "n": 38,
      "any_gold_hit_rate": 1.0,
      "mean_first_gold_rank": 138.44736842105263,
      "mean_r@1": 0.0,
      "mean_r@3": 0.07894736842105263,
      "mean_r@5": 0.10526315789473684,
      "mean_r@10": 0.15789473684210525,
      "mean_r@20": 0.2631578947368421,
      "mean_r@40": 0.2631578947368421
    },
    "open-domain": {
      "n": 13,
      "any_gold_hit_rate": 0.8461538461538461,
      "mean_first_gold_rank": 165.27272727272728,
      "mean_r@1": 0.0,
      "mean_r@3": 0.07692307692307693,
      "mean_r@5": 0.07692307692307693,
      "mean_r@10": 0.07692307692307693,
      "mean_r@20": 0.11538461538461539,
      "mean_r@40": 0.23076923076923078
    },
    "multi-hop": {
      "n": 32,
      "any_gold_hit_rate": 0.96875,
      "mean_first_gold_rank": 147.83870967741936,
      "mean_r@1": 0.0,
      "mean_r@3": 0.0,
      "mean_r@5": 0.0,
      "mean_r@10": 0.015625,
      "mean_r@20": 0.078125,
      "mean_r@40": 0.09375
    },
    "single-hop": {
      "n": 70,
      "any_gold_hit_rate": 0.9714285714285714,
      "mean_first_gold_rank": 93.17647058823529,
      "mean_r@1": 0.05,
      "mean_r@3": 0.09285714285714286,
      "mean_r@5": 0.10714285714285714,
      "mean_r@10": 0.17857142857142858,
      "mean_r@20": 0.2642857142857143,
      "mean_r@40": 0.40714285714285714
    },
    "adversarial": {
      "n": 47,
      "any_gold_hit_rate": 1.0,
      "mean_first_gold_rank": 69.27659574468085,
      "mean_r@1": 0.1702127659574468,
      "mean_r@3": 0.19148936170212766,
      "mean_r@5": 0.2127659574468085,
      "mean_r@10": 0.35106382978723405,
      "mean_r@20": 0.4787234042553192,
      "mean_r@40": 0.5638297872340425
    }
  },
  "zero_hit_count": 5
}