{
  "run_ts": "20260417_175252",
  "dataset": "C:\\Users\\bhaba\\m3-memory\\data\\locomo\\locomo10.json",
  "n_questions": 500,
  "params": {
    "k": 40,
    "cluster_size": 5,
    "graph_depth": 1,
    "enable_smart_retrieval": false
  },
  "samples_touched": [
    "conv-26",
    "conv-30",
    "conv-41",
    "conv-42"
  ],
  "q_signal_distribution": {
    "temporal": 107,
    "open-domain": 16,
    "default": 305,
    "multi-hop": 72
  },
  "overall": {
    "any_gold_hit_rate": 0.86,
    "mean_first_gold_rank": 135.78372093023256,
    "mean_r@1": 0.05728571428571429,
    "mean_r@3": 0.08868571428571428,
    "mean_r@5": 0.10968571428571429,
    "mean_r@10": 0.20292380952380953,
    "mean_r@20": 0.3065904761904762,
    "mean_r@40": 0.3699571428571429
  },
  "per_category": {
    "temporal": {
      "n": 91,
      "any_gold_hit_rate": 0.8241758241758241,
      "mean_first_gold_rank": 203.58666666666667,
      "mean_r@1": 0.0,
      "mean_r@3": 0.06593406593406594,
      "mean_r@5": 0.08791208791208792,
      "mean_r@10": 0.14285714285714285,
      "mean_r@20": 0.17582417582417584,
      "mean_r@40": 0.21978021978021978
    },
    "open-domain": {
      "n": 22,
      "any_gold_hit_rate": 0.8636363636363636,
      "mean_first_gold_rank": 296.3157894736842,
      "mean_r@1": 0.0,
      "mean_r@3": 0.0,
      "mean_r@5": 0.0,
      "mean_r@10": 0.11363636363636363,
      "mean_r@20": 0.1590909090909091,
      "mean_r@40": 0.1590909090909091
    },
    "multi-hop": {
      "n": 75,
      "any_gold_hit_rate": 0.9066666666666666,
      "mean_first_gold_rank": 198.85294117647058,
      "mean_r@1": 0.00857142857142857,
      "mean_r@3": 0.017904761904761902,
      "mean_r@5": 0.03123809523809524,
      "mean_r@10": 0.06615873015873017,
      "mean_r@20": 0.08393650793650795,
      "mean_r@40": 0.13971428571428574
    },
    "single-hop": {
      "n": 200,
      "any_gold_hit_rate": 0.835,
      "mean_first_gold_rank": 92.88023952095809,
      "mean_r@1": 0.04,
      "mean_r@3": 0.065,
      "mean_r@5": 0.0925,
      "mean_r@10": 0.2275,
      "mean_r@20": 0.38,
      "mean_r@40": 0.445
    },
    "adversarial": {
      "n": 112,
      "any_gold_hit_rate": 0.9017857142857143,
      "mean_first_gold_rank": 83.7128712871287,
      "mean_r@1": 0.17857142857142858,
      "mean_r@3": 0.21428571428571427,
      "mean_r@5": 0.23214285714285715,
      "mean_r@10": 0.3169642857142857,
      "mean_r@20": 0.45982142857142855,
      "mean_r@40": 0.5535714285714286
    }
  },
  "zero_hit_count": 70,
  "variant": "baseline"
}