{
  "run_ts": "20260417_182610",
  "dataset": "C:\\Users\\bhaba\\m3-memory\\data\\locomo\\locomo10.json",
  "n_questions": 500,
  "variant": "heuristic_c1c4",
  "params": {
    "k": 40,
    "cluster_size": 5,
    "graph_depth": 1,
    "enable_smart_retrieval": false,
    "variant": "heuristic_c1c4"
  },
  "samples_touched": [
    "conv-26",
    "conv-30",
    "conv-41",
    "conv-42"
  ],
  "q_signal_distribution": {
    "temporal": 107,
    "open-domain": 16,
    "default": 305,
    "multi-hop": 72
  },
  "overall": {
    "any_gold_hit_rate": 0.856,
    "mean_first_gold_rank": 132.72196261682242,
    "mean_r@1": 0.054285714285714284,
    "mean_r@3": 0.1180857142857143,
    "mean_r@5": 0.16237142857142856,
    "mean_r@10": 0.3094571428571429,
    "mean_r@20": 0.32395714285714283,
    "mean_r@40": 0.3942904761904762
  },
  "per_category": {
    "temporal": {
      "n": 91,
      "any_gold_hit_rate": 0.8241758241758241,
      "mean_first_gold_rank": 180.30666666666667,
      "mean_r@1": 0.01098901098901099,
      "mean_r@3": 0.14285714285714285,
      "mean_r@5": 0.18681318681318682,
      "mean_r@10": 0.23076923076923078,
      "mean_r@20": 0.24175824175824176,
      "mean_r@40": 0.27472527472527475
    },
    "open-domain": {
      "n": 22,
      "any_gold_hit_rate": 0.8181818181818182,
      "mean_first_gold_rank": 265.6111111111111,
      "mean_r@1": 0.0,
      "mean_r@3": 0.0,
      "mean_r@5": 0.0,
      "mean_r@10": 0.11363636363636363,
      "mean_r@20": 0.1590909090909091,
      "mean_r@40": 0.18181818181818182
    },
    "multi-hop": {
      "n": 75,
      "any_gold_hit_rate": 0.88,
      "mean_first_gold_rank": 206.6060606060606,
      "mean_r@1": 0.00857142857142857,
      "mean_r@3": 0.0339047619047619,
      "mean_r@5": 0.04914285714285715,
      "mean_r@10": 0.10304761904761905,
      "mean_r@20": 0.10638095238095238,
      "mean_r@40": 0.1619365079365079
    },
    "single-hop": {
      "n": 200,
      "any_gold_hit_rate": 0.85,
      "mean_first_gold_rank": 88.9,
      "mean_r@1": 0.0375,
      "mean_r@3": 0.0975,
      "mean_r@5": 0.1475,
      "mean_r@10": 0.395,
      "mean_r@20": 0.415,
      "mean_r@40": 0.495
    },
    "adversarial": {
      "n": 112,
      "any_gold_hit_rate": 0.8839285714285714,
      "mean_first_gold_rank": 98.5050505050505,
      "mean_r@1": 0.16071428571428573,
      "mean_r@3": 0.21428571428571427,
      "mean_r@5": 0.2767857142857143,
      "mean_r@10": 0.39732142857142855,
      "mean_r@20": 0.40625,
      "mean_r@40": 0.5089285714285714
    }
  },
  "zero_hit_count": 72
}