{
  "run_ts": "20260417_112951",
  "dataset": "C:\\Users\\bhaba\\m3-memory\\data\\locomo\\locomo10.json",
  "n_questions": 200,
  "params": {
    "k": 40,
    "cluster_size": 5,
    "graph_depth": 1
  },
  "samples_touched": [
    "conv-26",
    "conv-30"
  ],
  "q_signal_distribution": {
    "temporal": 45,
    "default": 154,
    "multi-hop": 1
  },
  "overall": {
    "any_gold_hit_rate": 0.965,
    "mean_first_gold_rank": 86.27461139896373,
    "mean_r@1": 0.0575,
    "mean_r@3": 0.0975,
    "mean_r@5": 0.1125,
    "mean_r@10": 0.18,
    "mean_r@20": 0.27,
    "mean_r@40": 0.3516666666666666
  },
  "per_category": {
    "temporal": {
      "n": 38,
      "any_gold_hit_rate": 0.9736842105263158,
      "mean_first_gold_rank": 87.29729729729729,
      "mean_r@1": 0.0,
      "mean_r@3": 0.07894736842105263,
      "mean_r@5": 0.10526315789473684,
      "mean_r@10": 0.13157894736842105,
      "mean_r@20": 0.2631578947368421,
      "mean_r@40": 0.2631578947368421
    },
    "open-domain": {
      "n": 13,
      "any_gold_hit_rate": 0.7692307692307693,
      "mean_first_gold_rank": 89.5,
      "mean_r@1": 0.0,
      "mean_r@3": 0.07692307692307693,
      "mean_r@5": 0.07692307692307693,
      "mean_r@10": 0.07692307692307693,
      "mean_r@20": 0.11538461538461539,
      "mean_r@40": 0.19230769230769232
    },
    "multi-hop": {
      "n": 32,
      "any_gold_hit_rate": 0.96875,
      "mean_first_gold_rank": 123.74193548387096,
      "mean_r@1": 0.0,
      "mean_r@3": 0.0,
      "mean_r@5": 0.0,
      "mean_r@10": 0.0,
      "mean_r@20": 0.046875,
      "mean_r@40": 0.08854166666666666
    },
    "single-hop": {
      "n": 70,
      "any_gold_hit_rate": 0.9714285714285714,
      "mean_first_gold_rank": 83.63235294117646,
      "mean_r@1": 0.05,
      "mean_r@3": 0.10714285714285714,
      "mean_r@5": 0.12142857142857143,
      "mean_r@10": 0.19285714285714287,
      "mean_r@20": 0.2785714285714286,
      "mean_r@40": 0.40714285714285714
    },
    "adversarial": {
      "n": 47,
      "any_gold_hit_rate": 1.0,
      "mean_first_gold_rank": 63.8936170212766,
      "mean_r@1": 0.1702127659574468,
      "mean_r@3": 0.1702127659574468,
      "mean_r@5": 0.19148936170212766,
      "mean_r@10": 0.35106382978723405,
      "mean_r@20": 0.4574468085106383,
      "mean_r@40": 0.5638297872340425
    }
  },
  "zero_hit_count": 7
}