{
  "run_ts": "20260417_202512",
  "dataset": "C:\\Users\\bhaba\\m3-memory\\data\\locomo\\locomo10.json",
  "n_questions": 500,
  "variant": "llm_v1_title_ctx",
  "params": {
    "k": 40,
    "cluster_size": 5,
    "graph_depth": 1,
    "enable_smart_retrieval": false,
    "variant": "llm_v1_title_ctx"
  },
  "samples_touched": [
    "conv-26",
    "conv-30",
    "conv-41",
    "conv-42"
  ],
  "q_signal_distribution": {
    "temporal": 107,
    "open-domain": 16,
    "default": 305,
    "multi-hop": 72
  },
  "overall": {
    "any_gold_hit_rate": 0.856,
    "mean_first_gold_rank": 183.38317757009347,
    "mean_r@1": 0.061,
    "mean_r@3": 0.1144,
    "mean_r@5": 0.16340000000000002,
    "mean_r@10": 0.31189999999999996,
    "mean_r@20": 0.31689999999999996,
    "mean_r@40": 0.3435666666666667
  },
  "per_category": {
    "temporal": {
      "n": 91,
      "any_gold_hit_rate": 0.8131868131868132,
      "mean_first_gold_rank": 238.22972972972974,
      "mean_r@1": 0.03296703296703297,
      "mean_r@3": 0.13186813186813187,
      "mean_r@5": 0.18681318681318682,
      "mean_r@10": 0.23076923076923078,
      "mean_r@20": 0.23076923076923078,
      "mean_r@40": 0.23076923076923078
    },
    "open-domain": {
      "n": 22,
      "any_gold_hit_rate": 0.8181818181818182,
      "mean_first_gold_rank": 273.1111111111111,
      "mean_r@1": 0.0,
      "mean_r@3": 0.0,
      "mean_r@5": 0.045454545454545456,
      "mean_r@10": 0.13636363636363635,
      "mean_r@20": 0.13636363636363635,
      "mean_r@40": 0.13636363636363635
    },
    "multi-hop": {
      "n": 75,
      "any_gold_hit_rate": 0.92,
      "mean_first_gold_rank": 286.8840579710145,
      "mean_r@1": 0.006666666666666667,
      "mean_r@3": 0.016,
      "mean_r@5": 0.036000000000000004,
      "mean_r@10": 0.08600000000000001,
      "mean_r@20": 0.09266666666666666,
      "mean_r@40": 0.10377777777777777
    },
    "single-hop": {
      "n": 200,
      "any_gold_hit_rate": 0.845,
      "mean_first_gold_rank": 143.62130177514794,
      "mean_r@1": 0.055,
      "mean_r@3": 0.1025,
      "mean_r@5": 0.15,
      "mean_r@10": 0.375,
      "mean_r@20": 0.38,
      "mean_r@40": 0.41
    },
    "adversarial": {
      "n": 112,
      "any_gold_hit_rate": 0.875,
      "mean_first_gold_rank": 121.18367346938776,
      "mean_r@1": 0.14285714285714285,
      "mean_r@3": 0.20982142857142858,
      "mean_r@5": 0.2767857142857143,
      "mean_r@10": 0.45089285714285715,
      "mean_r@20": 0.45982142857142855,
      "mean_r@40": 0.5178571428571429
    }
  },
  "zero_hit_count": 72
}