{
  "run_ts": "20260417_165238",
  "dataset": "C:\\Users\\bhaba\\m3-memory\\data\\locomo\\locomo10.json",
  "n_questions": 199,
  "params": {
    "k": 40,
    "cluster_size": 5,
    "graph_depth": 1,
    "enable_smart_retrieval": false
  },
  "samples_touched": [
    "conv-26"
  ],
  "q_signal_distribution": {
    "temporal": 44,
    "open-domain": 14,
    "default": 109,
    "multi-hop": 32
  },
  "overall": {
    "any_gold_hit_rate": 0.9698492462311558,
    "mean_first_gold_rank": 140.5440414507772,
    "mean_r@1": 0.05778894472361809,
    "mean_r@3": 0.08793969849246232,
    "mean_r@5": 0.10301507537688442,
    "mean_r@10": 0.18341708542713567,
    "mean_r@20": 0.3341708542713568,
    "mean_r@40": 0.41457286432160806
  },
  "per_category": {
    "temporal": {
      "n": 37,
      "any_gold_hit_rate": 0.972972972972973,
      "mean_first_gold_rank": 234.38888888888889,
      "mean_r@1": 0.0,
      "mean_r@3": 0.05405405405405406,
      "mean_r@5": 0.08108108108108109,
      "mean_r@10": 0.16216216216216217,
      "mean_r@20": 0.21621621621621623,
      "mean_r@40": 0.24324324324324326
    },
    "open-domain": {
      "n": 13,
      "any_gold_hit_rate": 0.8461538461538461,
      "mean_first_gold_rank": 294.3636363636364,
      "mean_r@1": 0.0,
      "mean_r@3": 0.0,
      "mean_r@5": 0.0,
      "mean_r@10": 0.11538461538461539,
      "mean_r@20": 0.19230769230769232,
      "mean_r@40": 0.19230769230769232
    },
    "multi-hop": {
      "n": 32,
      "any_gold_hit_rate": 0.96875,
      "mean_first_gold_rank": 227.29032258064515,
      "mean_r@1": 0.0,
      "mean_r@3": 0.0,
      "mean_r@5": 0.0,
      "mean_r@10": 0.015625,
      "mean_r@20": 0.046875,
      "mean_r@40": 0.09375
    },
    "single-hop": {
      "n": 70,
      "any_gold_hit_rate": 0.9714285714285714,
      "mean_first_gold_rank": 71.51470588235294,
      "mean_r@1": 0.05,
      "mean_r@3": 0.07857142857142857,
      "mean_r@5": 0.10714285714285714,
      "mean_r@10": 0.22857142857142856,
      "mean_r@20": 0.4714285714285714,
      "mean_r@40": 0.5428571428571428
    },
    "adversarial": {
      "n": 47,
      "any_gold_hit_rate": 1.0,
      "mean_first_gold_rank": 75.31914893617021,
      "mean_r@1": 0.1702127659574468,
      "mean_r@3": 0.2127659574468085,
      "mean_r@5": 0.2127659574468085,
      "mean_r@10": 0.26595744680851063,
      "mean_r@20": 0.4574468085106383,
      "mean_r@40": 0.6382978723404256
    }
  },
  "zero_hit_count": 6
}