{
  "run_ts": "20260417_141947",
  "dataset": "C:\\Users\\bhaba\\m3-memory\\data\\locomo\\locomo10.json",
  "n_questions": 500,
  "params": {
    "k": 40,
    "cluster_size": 5,
    "graph_depth": 1,
    "enable_smart_retrieval": false
  },
  "samples_touched": [
    "conv-26",
    "conv-30",
    "conv-41",
    "conv-42"
  ],
  "q_signal_distribution": {
    "temporal": 107,
    "open-domain": 16,
    "default": 305,
    "multi-hop": 72
  },
  "overall": {
    "any_gold_hit_rate": 0.86,
    "mean_first_gold_rank": 86.36046511627907,
    "mean_r@1": 0.05728571428571429,
    "mean_r@3": 0.09228571428571428,
    "mean_r@5": 0.11495238095238094,
    "mean_r@10": 0.17301904761904763,
    "mean_r@20": 0.24715238095238096,
    "mean_r@40": 0.32215238095238097
  },
  "per_category": {
    "temporal": {
      "n": 91,
      "any_gold_hit_rate": 0.8241758241758241,
      "mean_first_gold_rank": 81.88,
      "mean_r@1": 0.0,
      "mean_r@3": 0.06593406593406594,
      "mean_r@5": 0.08791208791208792,
      "mean_r@10": 0.10989010989010989,
      "mean_r@20": 0.18681318681318682,
      "mean_r@40": 0.22527472527472528
    },
    "open-domain": {
      "n": 22,
      "any_gold_hit_rate": 0.8636363636363636,
      "mean_first_gold_rank": 151.73684210526315,
      "mean_r@1": 0.0,
      "mean_r@3": 0.045454545454545456,
      "mean_r@5": 0.045454545454545456,
      "mean_r@10": 0.045454545454545456,
      "mean_r@20": 0.11363636363636363,
      "mean_r@40": 0.22727272727272727
    },
    "multi-hop": {
      "n": 75,
      "any_gold_hit_rate": 0.9066666666666666,
      "mean_first_gold_rank": 101.44117647058823,
      "mean_r@1": 0.00857142857142857,
      "mean_r@3": 0.021904761904761903,
      "mean_r@5": 0.03301587301587301,
      "mean_r@10": 0.06012698412698414,
      "mean_r@20": 0.10768253968253969,
      "mean_r@40": 0.12101587301587304
    },
    "single-hop": {
      "n": 200,
      "any_gold_hit_rate": 0.835,
      "mean_first_gold_rank": 82.26347305389221,
      "mean_r@1": 0.04,
      "mean_r@3": 0.065,
      "mean_r@5": 0.0925,
      "mean_r@10": 0.1725,
      "mean_r@20": 0.2675,
      "mean_r@40": 0.37
    },
    "adversarial": {
      "n": 112,
      "any_gold_hit_rate": 0.9017857142857143,
      "mean_first_gold_rank": 74.00990099009901,
      "mean_r@1": 0.17857142857142858,
      "mean_r@3": 0.21875,
      "mean_r@5": 0.24553571428571427,
      "mean_r@10": 0.32589285714285715,
      "mean_r@20": 0.3794642857142857,
      "mean_r@40": 0.46875
    }
  },
  "zero_hit_count": 70,
  "variant": null
}